age_group,ps_per_million,salary_millions,performance_score,player_count
<=22,6.976666666666667,10.200000000000001,70.33333333333333,3
23-26,3.9728571428571433,26.62857142857143,82.42857142857143,7
27-30,1.99,45.35,90.0,4
31-35,2.038,42.88,86.8,5
>35,1.98,44.5,88.0,1
