position,avg_efficiency,salary_millions,performance_score,player_count
C,2.17,41.86666666666667,87.66666666666667,3
PF,4.664999999999999,26.55,80.5,4
PG,4.065,28.825,81.875,8
SF,2.225,39.725,87.0,4
SG,2.28,36.0,82.0,1
