team,performance_score,value_ratio,salary_millions,efficiency_tier
BOS,63.70761961280168,12.025812464879813,5.29757301628089,Average
BRK,71.70650803362099,23.537891406401258,28.649899320963996,Very Good
CHI,50.92630224331111,1.166001080409286,43.67603349512775,Average
CLE,63.80982468160737,5.720752788974817,22.88388060226493,Good
DAL,74.90094860178768,9.415120623839698,36.763412375102604,Elite
GSW,93.81899834786566,8.345446325911922,11.241938978933387,Elite
