PosBucket,Avg_PS_per_M,Avg_MP,Value_Index
G,1.0351299900403839,19.775886664685473,81.70784332632994
W,0.711386337462144,28.637348672818675,62.98202574719083
F,1.980330404900776,28.128161078043178,67.9486272613669
C,0.5082831756854036,28.86284428373218,88.27429375390469
